,mean_bar_return,hit_rate
Q01,-0.00014083733674202583,0.523109243697479
Q02,1.1041506766423909e-05,0.5278361344537815
Q03,-0.0002847178699160434,0.523109243697479
Q04,-0.0002680231196328237,0.5288865546218487
Q05,-0.0003229013482469552,0.5288865546218487
Q06,-0.0003665524647871648,0.5315126050420168
Q07,-0.0002491897375773762,0.5294117647058824
Q08,-0.00013570391145668694,0.5262605042016807
Q09,-0.0001168878478385939,0.5257352941176471
Q10,-3.6626272418491864e-06,0.5273109243697479
