,"W24_(3, 0.1)","W22_(1, 1, 10)","W42_(0.01, 0.99, True)",PctChange_8,QuoteVolumeMean_13,VolumeMeanRatio_14,CompositeFactor
"W24_(3, 0.1)",1.0,,0.20600087159596497,-0.44772397705597716,0.05494790609881814,0.03969714617906217,-0.08027840550158184
"W22_(1, 1, 10)",,,,,,,
"W42_(0.01, 0.99, True)",0.20600087159596497,,1.0,-0.19245842024313045,0.4470230197386662,-0.03609100581723741,-0.24032869534874676
PctChange_8,-0.44772397705597716,,-0.19245842024313045,1.0,-0.0633216159413191,-0.08176107352658096,0.31915030559929647
QuoteVolumeMean_13,0.05494790609881814,,0.4470230197386662,-0.0633216159413191,1.0,0.15520575141995055,-0.5953643207972651
VolumeMeanRatio_14,0.03969714617906217,,-0.03609100581723741,-0.08176107352658096,0.15520575141995055,1.0,-0.14134444521639639
CompositeFactor,-0.08027840550158184,,-0.24032869534874676,0.31915030559929647,-0.5953643207972651,-0.14134444521639639,1.0
