,mean_bar_return,hit_rate
Q01,-0.0018983075627279167,0.5136554621848739
Q02,-0.0009610334767366088,0.5210084033613446
Q03,-0.0005526194927125104,0.5246848739495799
Q04,-0.00036247001435075435,0.5267857142857143
Q05,-0.00017527741180659216,0.5278361344537815
Q06,-4.1358685592868805e-05,0.5378151260504201
Q07,-9.599070583590326e-05,0.5330882352941176
Q08,0.00014553786667400955,0.5288865546218487
Q09,0.0004209470457531115,0.529936974789916
Q10,0.0014755973651032735,0.5341386554621849
